{
  "Resources": {
    "SourceBucketDDD2130A": {
      "Type": "AWS::S3::Bucket",
      "Properties": {
        "BucketName": {
          "Fn::Join": [
            "",
            [
              "cdk-vizi-pipeline-",
              {
                "Ref": "AWS::AccountId"
              }
            ]
          ]
        },
        "VersioningConfiguration": {
          "Status": "Enabled"
        }
      },
      "UpdateReplacePolicy": "Delete",
      "DeletionPolicy": "Delete",
      "Metadata": {
        "aws:cdk:path": "cdk-vizi-pipeline-base/SourceBucket/Resource"
      }
    },
    "ParameterB9BB870FA": {
      "Type": "AWS::SSM::Parameter",
      "Properties": {
        "Type": "String",
        "Value": {
          "Ref": "SourceBucketDDD2130A"
        },
        "Description": "cdk pipeline bucket",
        "Name": "cdk-vizi-pipeline-bucket"
      },
      "Metadata": {
        "aws:cdk:path": "cdk-vizi-pipeline-base/ParameterB/Resource"
      }
    },
    "ECRF8362BFE": {
      "Type": "AWS::ECR::Repository",
      "Properties": {
        "RepositoryName": "cdk-vizi-pipeline"
      },
      "UpdateReplacePolicy": "Delete",
      "DeletionPolicy": "Delete",
      "Metadata": {
        "aws:cdk:path": "cdk-vizi-pipeline-base/ECR/Resource"
      }
    },
    "DockerBuildRole2BAC6ED2": {
      "Type": "AWS::IAM::Role",
      "Properties": {
        "AssumeRolePolicyDocument": {
          "Statement": [
            {
              "Action": "sts:AssumeRole",
              "Effect": "Allow",
              "Principal": {
                "Service": "codebuild.amazonaws.com"
              }
            }
          ],
          "Version": "2012-10-17"
        }
      },
      "Metadata": {
        "aws:cdk:path": "cdk-vizi-pipeline-base/DockerBuild/Role/Resource"
      }
    },
    "DockerBuildRoleDefaultPolicy0D649F98": {
      "Type": "AWS::IAM::Policy",
      "Properties": {
        "PolicyDocument": {
          "Statement": [
            {
              "Action": [
                "logs:CreateLogGroup",
                "logs:CreateLogStream",
                "logs:PutLogEvents"
              ],
              "Effect": "Allow",
              "Resource": [
                {
                  "Fn::Join": [
                    "",
                    [
                      "arn:",
                      {
                        "Ref": "AWS::Partition"
                      },
                      ":logs:",
                      {
                        "Ref": "AWS::Region"
                      },
                      ":",
                      {
                        "Ref": "AWS::AccountId"
                      },
                      ":log-group:/aws/codebuild/",
                      {
                        "Ref": "DockerBuildCFACF599"
                      }
                    ]
                  ]
                },
                {
                  "Fn::Join": [
                    "",
                    [
                      "arn:",
                      {
                        "Ref": "AWS::Partition"
                      },
                      ":logs:",
                      {
                        "Ref": "AWS::Region"
                      },
                      ":",
                      {
                        "Ref": "AWS::AccountId"
                      },
                      ":log-group:/aws/codebuild/",
                      {
                        "Ref": "DockerBuildCFACF599"
                      },
                      ":*"
                    ]
                  ]
                }
              ]
            },
            {
              "Action": [
                "codebuild:CreateReportGroup",
                "codebuild:CreateReport",
                "codebuild:UpdateReport",
                "codebuild:BatchPutTestCases",
                "codebuild:BatchPutCodeCoverages"
              ],
              "Effect": "Allow",
              "Resource": {
                "Fn::Join": [
                  "",
                  [
                    "arn:",
                    {
                      "Ref": "AWS::Partition"
                    },
                    ":codebuild:",
                    {
                      "Ref": "AWS::Region"
                    },
                    ":",
                    {
                      "Ref": "AWS::AccountId"
                    },
                    ":report-group/",
                    {
                      "Ref": "DockerBuildCFACF599"
                    },
                    "-*"
                  ]
                ]
              }
            },
            {
              "Action": [
                "s3:GetObject*",
                "s3:GetBucket*",
                "s3:List*",
                "s3:DeleteObject*",
                "s3:PutObject*",
                "s3:Abort*"
              ],
              "Effect": "Allow",
              "Resource": [
                {
                  "Fn::GetAtt": [
                    "SourceBucketDDD2130A",
                    "Arn"
                  ]
                },
                {
                  "Fn::Join": [
                    "",
                    [
                      {
                        "Fn::GetAtt": [
                          "SourceBucketDDD2130A",
                          "Arn"
                        ]
                      },
                      "/*"
                    ]
                  ]
                }
              ]
            },
            {
              "Action": [
                "ecr:BatchCheckLayerAvailability",
                "ecr:GetDownloadUrlForLayer",
                "ecr:BatchGetImage"
              ],
              "Effect": "Allow",
              "Resource": {
                "Fn::GetAtt": [
                  "ECRF8362BFE",
                  "Arn"
                ]
              }
            },
            {
              "Action": "ecr:GetAuthorizationToken",
              "Effect": "Allow",
              "Resource": "*"
            },
            {
              "Action": [
                "ecr:PutImage",
                "ecr:InitiateLayerUpload",
                "ecr:UploadLayerPart",
                "ecr:CompleteLayerUpload"
              ],
              "Effect": "Allow",
              "Resource": {
                "Fn::GetAtt": [
                  "ECRF8362BFE",
                  "Arn"
                ]
              }
            },
            {
              "Action": [
                "s3:GetObject*",
                "s3:GetBucket*",
                "s3:List*"
              ],
              "Effect": "Allow",
              "Resource": [
                {
                  "Fn::GetAtt": [
                    "SourceBucketDDD2130A",
                    "Arn"
                  ]
                },
                {
                  "Fn::Join": [
                    "",
                    [
                      {
                        "Fn::GetAtt": [
                          "SourceBucketDDD2130A",
                          "Arn"
                        ]
                      },
                      "/*"
                    ]
                  ]
                }
              ]
            }
          ],
          "Version": "2012-10-17"
        },
        "PolicyName": "DockerBuildRoleDefaultPolicy0D649F98",
        "Roles": [
          {
            "Ref": "DockerBuildRole2BAC6ED2"
          }
        ]
      },
      "Metadata": {
        "aws:cdk:path": "cdk-vizi-pipeline-base/DockerBuild/Role/DefaultPolicy/Resource"
      }
    },
    "DockerBuildCFACF599": {
      "Type": "AWS::CodeBuild::Project",
      "Properties": {
        "Artifacts": {
          "Type": "CODEPIPELINE"
        },
        "Environment": {
          "ComputeType": "BUILD_GENERAL1_SMALL",
          "EnvironmentVariables": [
            {
              "Name": "ecr",
              "Type": "PLAINTEXT",
              "Value": {
                "Fn::Join": [
                  "",
                  [
                    {
                      "Fn::Select": [
                        4,
                        {
                          "Fn::Split": [
                            ":",
                            {
                              "Fn::GetAtt": [
                                "ECRF8362BFE",
                                "Arn"
                              ]
                            }
                          ]
                        }
                      ]
                    },
                    ".dkr.ecr.",
                    {
                      "Fn::Select": [
                        3,
                        {
                          "Fn::Split": [
                            ":",
                            {
                              "Fn::GetAtt": [
                                "ECRF8362BFE",
                                "Arn"
                              ]
                            }
                          ]
                        }
                      ]
                    },
                    ".",
                    {
                      "Ref": "AWS::URLSuffix"
                    },
                    "/",
                    {
                      "Ref": "ECRF8362BFE"
                    }
                  ]
                ]
              }
            },
            {
              "Name": "tag",
              "Type": "PLAINTEXT",
              "Value": "cdk"
            }
          ],
          "Image": "aws/codebuild/standard:2.0",
          "ImagePullCredentialsType": "CODEBUILD",
          "PrivilegedMode": true,
          "Type": "LINUX_CONTAINER"
        },
        "ServiceRole": {
          "Fn::GetAtt": [
            "DockerBuildRole2BAC6ED2",
            "Arn"
          ]
        },
        "Source": {
          "BuildSpec": "build_spec/buildspec.yml",
          "Type": "CODEPIPELINE"
        },
        "Description": "Pipeline for CodeBuild",
        "EncryptionKey": "alias/aws/s3",
        "Name": "cdk-vizi-pipeline-Docker-Build",
        "TimeoutInMinutes": 20
      },
      "Metadata": {
        "aws:cdk:path": "cdk-vizi-pipeline-base/DockerBuild/Resource"
      }
    },
    "CDKMetadata": {
      "Type": "AWS::CDK::Metadata",
      "Properties": {
        "Modules": "aws-cdk=1.81.0,@aws-cdk/assets=1.82.0,@aws-cdk/aws-apigateway=1.82.0,@aws-cdk/aws-apigatewayv2=1.82.0,@aws-cdk/aws-applicationautoscaling=1.82.0,@aws-cdk/aws-autoscaling=1.82.0,@aws-cdk/aws-autoscaling-common=1.82.0,@aws-cdk/aws-autoscaling-hooktargets=1.82.0,@aws-cdk/aws-batch=1.82.0,@aws-cdk/aws-certificatemanager=1.82.0,@aws-cdk/aws-cloudformation=1.82.0,@aws-cdk/aws-cloudfront=1.82.0,@aws-cdk/aws-cloudwatch=1.82.0,@aws-cdk/aws-codebuild=1.82.0,@aws-cdk/aws-codecommit=1.82.0,@aws-cdk/aws-codedeploy=1.82.0,@aws-cdk/aws-codeguruprofiler=1.82.0,@aws-cdk/aws-codepipeline=1.82.0,@aws-cdk/aws-codepipeline-actions=1.82.0,@aws-cdk/aws-cognito=1.82.0,@aws-cdk/aws-ec2=1.82.0,@aws-cdk/aws-ecr=1.82.0,@aws-cdk/aws-ecr-assets=1.82.0,@aws-cdk/aws-ecs=1.82.0,@aws-cdk/aws-efs=1.82.0,@aws-cdk/aws-elasticloadbalancing=1.82.0,@aws-cdk/aws-elasticloadbalancingv2=1.82.0,@aws-cdk/aws-events=1.82.0,@aws-cdk/aws-events-targets=1.82.0,@aws-cdk/aws-iam=1.82.0,@aws-cdk/aws-kinesis=1.82.0,@aws-cdk/aws-kinesisfirehose=1.82.0,@aws-cdk/aws-kms=1.82.0,@aws-cdk/aws-lambda=1.82.0,@aws-cdk/aws-logs=1.82.0,@aws-cdk/aws-route53=1.82.0,@aws-cdk/aws-route53-targets=1.82.0,@aws-cdk/aws-s3=1.82.0,@aws-cdk/aws-s3-assets=1.82.0,@aws-cdk/aws-sam=1.82.0,@aws-cdk/aws-secretsmanager=1.82.0,@aws-cdk/aws-servicecatalog=1.82.0,@aws-cdk/aws-servicediscovery=1.82.0,@aws-cdk/aws-sns=1.82.0,@aws-cdk/aws-sns-subscriptions=1.82.0,@aws-cdk/aws-sqs=1.82.0,@aws-cdk/aws-ssm=1.82.0,@aws-cdk/aws-stepfunctions=1.82.0,@aws-cdk/cloud-assembly-schema=1.82.0,@aws-cdk/core=1.82.0,@aws-cdk/custom-resources=1.82.0,@aws-cdk/cx-api=1.82.0,@aws-cdk/region-info=1.82.0,jsii-runtime=Python/3.8.3"
      },
      "Metadata": {
        "aws:cdk:path": "cdk-vizi-pipeline-base/CDKMetadata/Default"
      },
      "Condition": "CDKMetadataAvailable"
    }
  },
  "Outputs": {
    "ECRURI": {
      "Description": "ECR URI",
      "Value": {
        "Fn::Join": [
          "",
          [
            {
              "Fn::Select": [
                4,
                {
                  "Fn::Split": [
                    ":",
                    {
                      "Fn::GetAtt": [
                        "ECRF8362BFE",
                        "Arn"
                      ]
                    }
                  ]
                }
              ]
            },
            ".dkr.ecr.",
            {
              "Fn::Select": [
                3,
                {
                  "Fn::Split": [
                    ":",
                    {
                      "Fn::GetAtt": [
                        "ECRF8362BFE",
                        "Arn"
                      ]
                    }
                  ]
                }
              ]
            },
            ".",
            {
              "Ref": "AWS::URLSuffix"
            },
            "/",
            {
              "Ref": "ECRF8362BFE"
            }
          ]
        ]
      }
    },
    "S3Bucket": {
      "Description": "S3 Bucket",
      "Value": {
        "Ref": "SourceBucketDDD2130A"
      }
    },
    "ExportsOutputFnGetAttSourceBucketDDD2130AArn02858302": {
      "Value": {
        "Fn::GetAtt": [
          "SourceBucketDDD2130A",
          "Arn"
        ]
      },
      "Export": {
        "Name": "cdk-vizi-pipeline-base:ExportsOutputFnGetAttSourceBucketDDD2130AArn02858302"
      }
    },
    "ExportsOutputRefSourceBucketDDD2130AFF6DDDA5": {
      "Value": {
        "Ref": "SourceBucketDDD2130A"
      },
      "Export": {
        "Name": "cdk-vizi-pipeline-base:ExportsOutputRefSourceBucketDDD2130AFF6DDDA5"
      }
    },
    "ExportsOutputRefDockerBuildCFACF5994DD71A10": {
      "Value": {
        "Ref": "DockerBuildCFACF599"
      },
      "Export": {
        "Name": "cdk-vizi-pipeline-base:ExportsOutputRefDockerBuildCFACF5994DD71A10"
      }
    },
    "ExportsOutputFnGetAttDockerBuildCFACF599ArnA6B01FA5": {
      "Value": {
        "Fn::GetAtt": [
          "DockerBuildCFACF599",
          "Arn"
        ]
      },
      "Export": {
        "Name": "cdk-vizi-pipeline-base:ExportsOutputFnGetAttDockerBuildCFACF599ArnA6B01FA5"
      }
    }
  },
  "Conditions": {
    "CDKMetadataAvailable": {
      "Fn::Or": [
        {
          "Fn::Or": [
            {
              "Fn::Equals": [
                {
                  "Ref": "AWS::Region"
                },
                "ap-east-1"
              ]
            },
            {
              "Fn::Equals": [
                {
                  "Ref": "AWS::Region"
                },
                "ap-northeast-1"
              ]
            },
            {
              "Fn::Equals": [
                {
                  "Ref": "AWS::Region"
                },
                "ap-northeast-2"
              ]
            },
            {
              "Fn::Equals": [
                {
                  "Ref": "AWS::Region"
                },
                "ap-south-1"
              ]
            },
            {
              "Fn::Equals": [
                {
                  "Ref": "AWS::Region"
                },
                "ap-southeast-1"
              ]
            },
            {
              "Fn::Equals": [
                {
                  "Ref": "AWS::Region"
                },
                "ap-southeast-2"
              ]
            },
            {
              "Fn::Equals": [
                {
                  "Ref": "AWS::Region"
                },
                "ca-central-1"
              ]
            },
            {
              "Fn::Equals": [
                {
                  "Ref": "AWS::Region"
                },
                "cn-north-1"
              ]
            },
            {
              "Fn::Equals": [
                {
                  "Ref": "AWS::Region"
                },
                "cn-northwest-1"
              ]
            },
            {
              "Fn::Equals": [
                {
                  "Ref": "AWS::Region"
                },
                "eu-central-1"
              ]
            }
          ]
        },
        {
          "Fn::Or": [
            {
              "Fn::Equals": [
                {
                  "Ref": "AWS::Region"
                },
                "eu-north-1"
              ]
            },
            {
              "Fn::Equals": [
                {
                  "Ref": "AWS::Region"
                },
                "eu-west-1"
              ]
            },
            {
              "Fn::Equals": [
                {
                  "Ref": "AWS::Region"
                },
                "eu-west-2"
              ]
            },
            {
              "Fn::Equals": [
                {
                  "Ref": "AWS::Region"
                },
                "eu-west-3"
              ]
            },
            {
              "Fn::Equals": [
                {
                  "Ref": "AWS::Region"
                },
                "me-south-1"
              ]
            },
            {
              "Fn::Equals": [
                {
                  "Ref": "AWS::Region"
                },
                "sa-east-1"
              ]
            },
            {
              "Fn::Equals": [
                {
                  "Ref": "AWS::Region"
                },
                "us-east-1"
              ]
            },
            {
              "Fn::Equals": [
                {
                  "Ref": "AWS::Region"
                },
                "us-east-2"
              ]
            },
            {
              "Fn::Equals": [
                {
                  "Ref": "AWS::Region"
                },
                "us-west-1"
              ]
            },
            {
              "Fn::Equals": [
                {
                  "Ref": "AWS::Region"
                },
                "us-west-2"
              ]
            }
          ]
        }
      ]
    }
  }
}