{
  "Resources": {
    "PipelineRoleD68726F7": {
      "Type": "AWS::IAM::Role",
      "Properties": {
        "AssumeRolePolicyDocument": {
          "Statement": [
            {
              "Action": "sts:AssumeRole",
              "Effect": "Allow",
              "Principal": {
                "Service": "codepipeline.amazonaws.com"
              }
            }
          ],
          "Version": "2012-10-17"
        }
      },
      "Metadata": {
        "aws:cdk:path": "cdk-vizi-pipeline-pipeline/Pipeline/Role/Resource"
      }
    },
    "PipelineRoleDefaultPolicyC7A05455": {
      "Type": "AWS::IAM::Policy",
      "Properties": {
        "PolicyDocument": {
          "Statement": [
            {
              "Action": [
                "s3:GetObject*",
                "s3:GetBucket*",
                "s3:List*",
                "s3:DeleteObject*",
                "s3:PutObject*",
                "s3:Abort*"
              ],
              "Effect": "Allow",
              "Resource": [
                {
                  "Fn::ImportValue": "cdk-vizi-pipeline-base:ExportsOutputFnGetAttSourceBucketDDD2130AArn02858302"
                },
                {
                  "Fn::Join": [
                    "",
                    [
                      {
                        "Fn::ImportValue": "cdk-vizi-pipeline-base:ExportsOutputFnGetAttSourceBucketDDD2130AArn02858302"
                      },
                      "/*"
                    ]
                  ]
                }
              ]
            },
            {
              "Action": "sts:AssumeRole",
              "Effect": "Allow",
              "Resource": {
                "Fn::GetAtt": [
                  "PipelineSourceS3SourceCodePipelineActionRole8DE11A40",
                  "Arn"
                ]
              }
            },
            {
              "Action": "sts:AssumeRole",
              "Effect": "Allow",
              "Resource": {
                "Fn::GetAtt": [
                  "PipelineBuildDockerBuildImagesCodePipelineActionRole5B8A60C6",
                  "Arn"
                ]
              }
            }
          ],
          "Version": "2012-10-17"
        },
        "PolicyName": "PipelineRoleDefaultPolicyC7A05455",
        "Roles": [
          {
            "Ref": "PipelineRoleD68726F7"
          }
        ]
      },
      "Metadata": {
        "aws:cdk:path": "cdk-vizi-pipeline-pipeline/Pipeline/Role/DefaultPolicy/Resource"
      }
    },
    "PipelineC660917D": {
      "Type": "AWS::CodePipeline::Pipeline",
      "Properties": {
        "RoleArn": {
          "Fn::GetAtt": [
            "PipelineRoleD68726F7",
            "Arn"
          ]
        },
        "Stages": [
          {
            "Actions": [
              {
                "ActionTypeId": {
                  "Category": "Source",
                  "Owner": "AWS",
                  "Provider": "S3",
                  "Version": "1"
                },
                "Configuration": {
                  "S3Bucket": {
                    "Fn::ImportValue": "cdk-vizi-pipeline-base:ExportsOutputRefSourceBucketDDD2130AFF6DDDA5"
                  },
                  "S3ObjectKey": "source.zip",
                  "PollForSourceChanges": true
                },
                "Name": "S3Source",
                "OutputArtifacts": [
                  {
                    "Name": "source"
                  }
                ],
                "RoleArn": {
                  "Fn::GetAtt": [
                    "PipelineSourceS3SourceCodePipelineActionRole8DE11A40",
                    "Arn"
                  ]
                },
                "RunOrder": 1
              }
            ],
            "Name": "Source"
          },
          {
            "Actions": [
              {
                "ActionTypeId": {
                  "Category": "Build",
                  "Owner": "AWS",
                  "Provider": "CodeBuild",
                  "Version": "1"
                },
                "Configuration": {
                  "ProjectName": {
                    "Fn::ImportValue": "cdk-vizi-pipeline-base:ExportsOutputRefDockerBuildCFACF5994DD71A10"
                  }
                },
                "InputArtifacts": [
                  {
                    "Name": "source"
                  }
                ],
                "Name": "DockerBuildImages",
                "RoleArn": {
                  "Fn::GetAtt": [
                    "PipelineBuildDockerBuildImagesCodePipelineActionRole5B8A60C6",
                    "Arn"
                  ]
                },
                "RunOrder": 1
              }
            ],
            "Name": "Build"
          }
        ],
        "ArtifactStore": {
          "Location": {
            "Fn::ImportValue": "cdk-vizi-pipeline-base:ExportsOutputRefSourceBucketDDD2130AFF6DDDA5"
          },
          "Type": "S3"
        },
        "Name": "cdk-vizi-pipeline"
      },
      "DependsOn": [
        "PipelineRoleDefaultPolicyC7A05455",
        "PipelineRoleD68726F7"
      ],
      "Metadata": {
        "aws:cdk:path": "cdk-vizi-pipeline-pipeline/Pipeline/Resource"
      }
    },
    "PipelineSourceS3SourceCodePipelineActionRole8DE11A40": {
      "Type": "AWS::IAM::Role",
      "Properties": {
        "AssumeRolePolicyDocument": {
          "Statement": [
            {
              "Action": "sts:AssumeRole",
              "Effect": "Allow",
              "Principal": {
                "AWS": {
                  "Fn::Join": [
                    "",
                    [
                      "arn:",
                      {
                        "Ref": "AWS::Partition"
                      },
                      ":iam::",
                      {
                        "Ref": "AWS::AccountId"
                      },
                      ":root"
                    ]
                  ]
                }
              }
            }
          ],
          "Version": "2012-10-17"
        }
      },
      "Metadata": {
        "aws:cdk:path": "cdk-vizi-pipeline-pipeline/Pipeline/Source/S3Source/CodePipelineActionRole/Resource"
      }
    },
    "PipelineSourceS3SourceCodePipelineActionRoleDefaultPolicy352A3912": {
      "Type": "AWS::IAM::Policy",
      "Properties": {
        "PolicyDocument": {
          "Statement": [
            {
              "Action": [
                "s3:GetObject*",
                "s3:GetBucket*",
                "s3:List*"
              ],
              "Effect": "Allow",
              "Resource": [
                {
                  "Fn::ImportValue": "cdk-vizi-pipeline-base:ExportsOutputFnGetAttSourceBucketDDD2130AArn02858302"
                },
                {
                  "Fn::Join": [
                    "",
                    [
                      {
                        "Fn::ImportValue": "cdk-vizi-pipeline-base:ExportsOutputFnGetAttSourceBucketDDD2130AArn02858302"
                      },
                      "/*"
                    ]
                  ]
                }
              ]
            },
            {
              "Action": [
                "s3:DeleteObject*",
                "s3:PutObject*",
                "s3:Abort*"
              ],
              "Effect": "Allow",
              "Resource": [
                {
                  "Fn::ImportValue": "cdk-vizi-pipeline-base:ExportsOutputFnGetAttSourceBucketDDD2130AArn02858302"
                },
                {
                  "Fn::Join": [
                    "",
                    [
                      {
                        "Fn::ImportValue": "cdk-vizi-pipeline-base:ExportsOutputFnGetAttSourceBucketDDD2130AArn02858302"
                      },
                      "/*"
                    ]
                  ]
                }
              ]
            }
          ],
          "Version": "2012-10-17"
        },
        "PolicyName": "PipelineSourceS3SourceCodePipelineActionRoleDefaultPolicy352A3912",
        "Roles": [
          {
            "Ref": "PipelineSourceS3SourceCodePipelineActionRole8DE11A40"
          }
        ]
      },
      "Metadata": {
        "aws:cdk:path": "cdk-vizi-pipeline-pipeline/Pipeline/Source/S3Source/CodePipelineActionRole/DefaultPolicy/Resource"
      }
    },
    "PipelineBuildDockerBuildImagesCodePipelineActionRole5B8A60C6": {
      "Type": "AWS::IAM::Role",
      "Properties": {
        "AssumeRolePolicyDocument": {
          "Statement": [
            {
              "Action": "sts:AssumeRole",
              "Effect": "Allow",
              "Principal": {
                "AWS": {
                  "Fn::Join": [
                    "",
                    [
                      "arn:",
                      {
                        "Ref": "AWS::Partition"
                      },
                      ":iam::",
                      {
                        "Ref": "AWS::AccountId"
                      },
                      ":root"
                    ]
                  ]
                }
              }
            }
          ],
          "Version": "2012-10-17"
        }
      },
      "Metadata": {
        "aws:cdk:path": "cdk-vizi-pipeline-pipeline/Pipeline/Build/DockerBuildImages/CodePipelineActionRole/Resource"
      }
    },
    "PipelineBuildDockerBuildImagesCodePipelineActionRoleDefaultPolicyE89EB150": {
      "Type": "AWS::IAM::Policy",
      "Properties": {
        "PolicyDocument": {
          "Statement": [
            {
              "Action": [
                "codebuild:BatchGetBuilds",
                "codebuild:StartBuild",
                "codebuild:StopBuild"
              ],
              "Effect": "Allow",
              "Resource": {
                "Fn::ImportValue": "cdk-vizi-pipeline-base:ExportsOutputFnGetAttDockerBuildCFACF599ArnA6B01FA5"
              }
            }
          ],
          "Version": "2012-10-17"
        },
        "PolicyName": "PipelineBuildDockerBuildImagesCodePipelineActionRoleDefaultPolicyE89EB150",
        "Roles": [
          {
            "Ref": "PipelineBuildDockerBuildImagesCodePipelineActionRole5B8A60C6"
          }
        ]
      },
      "Metadata": {
        "aws:cdk:path": "cdk-vizi-pipeline-pipeline/Pipeline/Build/DockerBuildImages/CodePipelineActionRole/DefaultPolicy/Resource"
      }
    },
    "PipelineParam9E5F5676": {
      "Type": "AWS::SSM::Parameter",
      "Properties": {
        "Type": "String",
        "Value": {
          "Ref": "PipelineC660917D"
        },
        "Description": "cdk pipeline bucket",
        "Name": "cdk-vizi-pipeline-pipeline"
      },
      "Metadata": {
        "aws:cdk:path": "cdk-vizi-pipeline-pipeline/PipelineParam/Resource"
      }
    },
    "CDKMetadata": {
      "Type": "AWS::CDK::Metadata",
      "Properties": {
        "Modules": "aws-cdk=1.81.0,@aws-cdk/assets=1.82.0,@aws-cdk/aws-apigateway=1.82.0,@aws-cdk/aws-apigatewayv2=1.82.0,@aws-cdk/aws-applicationautoscaling=1.82.0,@aws-cdk/aws-autoscaling=1.82.0,@aws-cdk/aws-autoscaling-common=1.82.0,@aws-cdk/aws-autoscaling-hooktargets=1.82.0,@aws-cdk/aws-batch=1.82.0,@aws-cdk/aws-certificatemanager=1.82.0,@aws-cdk/aws-cloudformation=1.82.0,@aws-cdk/aws-cloudfront=1.82.0,@aws-cdk/aws-cloudwatch=1.82.0,@aws-cdk/aws-codebuild=1.82.0,@aws-cdk/aws-codecommit=1.82.0,@aws-cdk/aws-codedeploy=1.82.0,@aws-cdk/aws-codeguruprofiler=1.82.0,@aws-cdk/aws-codepipeline=1.82.0,@aws-cdk/aws-codepipeline-actions=1.82.0,@aws-cdk/aws-cognito=1.82.0,@aws-cdk/aws-ec2=1.82.0,@aws-cdk/aws-ecr=1.82.0,@aws-cdk/aws-ecr-assets=1.82.0,@aws-cdk/aws-ecs=1.82.0,@aws-cdk/aws-efs=1.82.0,@aws-cdk/aws-elasticloadbalancing=1.82.0,@aws-cdk/aws-elasticloadbalancingv2=1.82.0,@aws-cdk/aws-events=1.82.0,@aws-cdk/aws-events-targets=1.82.0,@aws-cdk/aws-iam=1.82.0,@aws-cdk/aws-kinesis=1.82.0,@aws-cdk/aws-kinesisfirehose=1.82.0,@aws-cdk/aws-kms=1.82.0,@aws-cdk/aws-lambda=1.82.0,@aws-cdk/aws-logs=1.82.0,@aws-cdk/aws-route53=1.82.0,@aws-cdk/aws-route53-targets=1.82.0,@aws-cdk/aws-s3=1.82.0,@aws-cdk/aws-s3-assets=1.82.0,@aws-cdk/aws-sam=1.82.0,@aws-cdk/aws-secretsmanager=1.82.0,@aws-cdk/aws-servicecatalog=1.82.0,@aws-cdk/aws-servicediscovery=1.82.0,@aws-cdk/aws-sns=1.82.0,@aws-cdk/aws-sns-subscriptions=1.82.0,@aws-cdk/aws-sqs=1.82.0,@aws-cdk/aws-ssm=1.82.0,@aws-cdk/aws-stepfunctions=1.82.0,@aws-cdk/cloud-assembly-schema=1.82.0,@aws-cdk/core=1.82.0,@aws-cdk/custom-resources=1.82.0,@aws-cdk/cx-api=1.82.0,@aws-cdk/region-info=1.82.0,jsii-runtime=Python/3.8.3"
      },
      "Metadata": {
        "aws:cdk:path": "cdk-vizi-pipeline-pipeline/CDKMetadata/Default"
      },
      "Condition": "CDKMetadataAvailable"
    }
  },
  "Outputs": {
    "PipelineOut": {
      "Description": "Pipeline",
      "Value": {
        "Ref": "PipelineC660917D"
      }
    }
  },
  "Conditions": {
    "CDKMetadataAvailable": {
      "Fn::Or": [
        {
          "Fn::Or": [
            {
              "Fn::Equals": [
                {
                  "Ref": "AWS::Region"
                },
                "ap-east-1"
              ]
            },
            {
              "Fn::Equals": [
                {
                  "Ref": "AWS::Region"
                },
                "ap-northeast-1"
              ]
            },
            {
              "Fn::Equals": [
                {
                  "Ref": "AWS::Region"
                },
                "ap-northeast-2"
              ]
            },
            {
              "Fn::Equals": [
                {
                  "Ref": "AWS::Region"
                },
                "ap-south-1"
              ]
            },
            {
              "Fn::Equals": [
                {
                  "Ref": "AWS::Region"
                },
                "ap-southeast-1"
              ]
            },
            {
              "Fn::Equals": [
                {
                  "Ref": "AWS::Region"
                },
                "ap-southeast-2"
              ]
            },
            {
              "Fn::Equals": [
                {
                  "Ref": "AWS::Region"
                },
                "ca-central-1"
              ]
            },
            {
              "Fn::Equals": [
                {
                  "Ref": "AWS::Region"
                },
                "cn-north-1"
              ]
            },
            {
              "Fn::Equals": [
                {
                  "Ref": "AWS::Region"
                },
                "cn-northwest-1"
              ]
            },
            {
              "Fn::Equals": [
                {
                  "Ref": "AWS::Region"
                },
                "eu-central-1"
              ]
            }
          ]
        },
        {
          "Fn::Or": [
            {
              "Fn::Equals": [
                {
                  "Ref": "AWS::Region"
                },
                "eu-north-1"
              ]
            },
            {
              "Fn::Equals": [
                {
                  "Ref": "AWS::Region"
                },
                "eu-west-1"
              ]
            },
            {
              "Fn::Equals": [
                {
                  "Ref": "AWS::Region"
                },
                "eu-west-2"
              ]
            },
            {
              "Fn::Equals": [
                {
                  "Ref": "AWS::Region"
                },
                "eu-west-3"
              ]
            },
            {
              "Fn::Equals": [
                {
                  "Ref": "AWS::Region"
                },
                "me-south-1"
              ]
            },
            {
              "Fn::Equals": [
                {
                  "Ref": "AWS::Region"
                },
                "sa-east-1"
              ]
            },
            {
              "Fn::Equals": [
                {
                  "Ref": "AWS::Region"
                },
                "us-east-1"
              ]
            },
            {
              "Fn::Equals": [
                {
                  "Ref": "AWS::Region"
                },
                "us-east-2"
              ]
            },
            {
              "Fn::Equals": [
                {
                  "Ref": "AWS::Region"
                },
                "us-west-1"
              ]
            },
            {
              "Fn::Equals": [
                {
                  "Ref": "AWS::Region"
                },
                "us-west-2"
              ]
            }
          ]
        }
      ]
    }
  }
}