{
  "version": "tree-0.1",
  "tree": {
    "id": "App",
    "path": "",
    "children": {
      "Tree": {
        "id": "Tree",
        "path": "Tree"
      },
      "cdk-vizi-pipeline-base": {
        "id": "cdk-vizi-pipeline-base",
        "path": "cdk-vizi-pipeline-base",
        "children": {
          "SourceBucket": {
            "id": "SourceBucket",
            "path": "cdk-vizi-pipeline-base/SourceBucket",
            "children": {
              "Resource": {
                "id": "Resource",
                "path": "cdk-vizi-pipeline-base/SourceBucket/Resource",
                "attributes": {
                  "aws:cdk:cloudformation:type": "AWS::S3::Bucket",
                  "aws:cdk:cloudformation:props": {
                    "bucketName": {
                      "Fn::Join": [
                        "",
                        [
                          "cdk-vizi-pipeline-",
                          {
                            "Ref": "AWS::AccountId"
                          }
                        ]
                      ]
                    },
                    "versioningConfiguration": {
                      "status": "Enabled"
                    }
                  }
                }
              },
              "Notifications": {
                "id": "Notifications",
                "path": "cdk-vizi-pipeline-base/SourceBucket/Notifications"
              }
            }
          },
          "ParameterB": {
            "id": "ParameterB",
            "path": "cdk-vizi-pipeline-base/ParameterB",
            "children": {
              "Resource": {
                "id": "Resource",
                "path": "cdk-vizi-pipeline-base/ParameterB/Resource",
                "attributes": {
                  "aws:cdk:cloudformation:type": "AWS::SSM::Parameter",
                  "aws:cdk:cloudformation:props": {
                    "type": "String",
                    "value": {
                      "Ref": "SourceBucketDDD2130A"
                    },
                    "description": "cdk pipeline bucket",
                    "name": "cdk-vizi-pipeline-bucket"
                  }
                }
              }
            }
          },
          "ECR": {
            "id": "ECR",
            "path": "cdk-vizi-pipeline-base/ECR",
            "children": {
              "Resource": {
                "id": "Resource",
                "path": "cdk-vizi-pipeline-base/ECR/Resource",
                "attributes": {
                  "aws:cdk:cloudformation:type": "AWS::ECR::Repository",
                  "aws:cdk:cloudformation:props": {
                    "repositoryName": "cdk-vizi-pipeline"
                  }
                }
              }
            }
          },
          "DockerBuild": {
            "id": "DockerBuild",
            "path": "cdk-vizi-pipeline-base/DockerBuild",
            "children": {
              "Role": {
                "id": "Role",
                "path": "cdk-vizi-pipeline-base/DockerBuild/Role",
                "children": {
                  "Resource": {
                    "id": "Resource",
                    "path": "cdk-vizi-pipeline-base/DockerBuild/Role/Resource",
                    "attributes": {
                      "aws:cdk:cloudformation:type": "AWS::IAM::Role",
                      "aws:cdk:cloudformation:props": {
                        "assumeRolePolicyDocument": {
                          "Statement": [
                            {
                              "Action": "sts:AssumeRole",
                              "Effect": "Allow",
                              "Principal": {
                                "Service": "codebuild.amazonaws.com"
                              }
                            }
                          ],
                          "Version": "2012-10-17"
                        }
                      }
                    }
                  },
                  "DefaultPolicy": {
                    "id": "DefaultPolicy",
                    "path": "cdk-vizi-pipeline-base/DockerBuild/Role/DefaultPolicy",
                    "children": {
                      "Resource": {
                        "id": "Resource",
                        "path": "cdk-vizi-pipeline-base/DockerBuild/Role/DefaultPolicy/Resource",
                        "attributes": {
                          "aws:cdk:cloudformation:type": "AWS::IAM::Policy",
                          "aws:cdk:cloudformation:props": {
                            "policyDocument": {
                              "Statement": [
                                {
                                  "Action": [
                                    "logs:CreateLogGroup",
                                    "logs:CreateLogStream",
                                    "logs:PutLogEvents"
                                  ],
                                  "Effect": "Allow",
                                  "Resource": [
                                    {
                                      "Fn::Join": [
                                        "",
                                        [
                                          "arn:",
                                          {
                                            "Ref": "AWS::Partition"
                                          },
                                          ":logs:",
                                          {
                                            "Ref": "AWS::Region"
                                          },
                                          ":",
                                          {
                                            "Ref": "AWS::AccountId"
                                          },
                                          ":log-group:/aws/codebuild/",
                                          {
                                            "Ref": "DockerBuildCFACF599"
                                          }
                                        ]
                                      ]
                                    },
                                    {
                                      "Fn::Join": [
                                        "",
                                        [
                                          "arn:",
                                          {
                                            "Ref": "AWS::Partition"
                                          },
                                          ":logs:",
                                          {
                                            "Ref": "AWS::Region"
                                          },
                                          ":",
                                          {
                                            "Ref": "AWS::AccountId"
                                          },
                                          ":log-group:/aws/codebuild/",
                                          {
                                            "Ref": "DockerBuildCFACF599"
                                          },
                                          ":*"
                                        ]
                                      ]
                                    }
                                  ]
                                },
                                {
                                  "Action": [
                                    "codebuild:CreateReportGroup",
                                    "codebuild:CreateReport",
                                    "codebuild:UpdateReport",
                                    "codebuild:BatchPutTestCases",
                                    "codebuild:BatchPutCodeCoverages"
                                  ],
                                  "Effect": "Allow",
                                  "Resource": {
                                    "Fn::Join": [
                                      "",
                                      [
                                        "arn:",
                                        {
                                          "Ref": "AWS::Partition"
                                        },
                                        ":codebuild:",
                                        {
                                          "Ref": "AWS::Region"
                                        },
                                        ":",
                                        {
                                          "Ref": "AWS::AccountId"
                                        },
                                        ":report-group/",
                                        {
                                          "Ref": "DockerBuildCFACF599"
                                        },
                                        "-*"
                                      ]
                                    ]
                                  }
                                },
                                {
                                  "Action": [
                                    "s3:GetObject*",
                                    "s3:GetBucket*",
                                    "s3:List*",
                                    "s3:DeleteObject*",
                                    "s3:PutObject*",
                                    "s3:Abort*"
                                  ],
                                  "Effect": "Allow",
                                  "Resource": [
                                    {
                                      "Fn::GetAtt": [
                                        "SourceBucketDDD2130A",
                                        "Arn"
                                      ]
                                    },
                                    {
                                      "Fn::Join": [
                                        "",
                                        [
                                          {
                                            "Fn::GetAtt": [
                                              "SourceBucketDDD2130A",
                                              "Arn"
                                            ]
                                          },
                                          "/*"
                                        ]
                                      ]
                                    }
                                  ]
                                },
                                {
                                  "Action": [
                                    "ecr:BatchCheckLayerAvailability",
                                    "ecr:GetDownloadUrlForLayer",
                                    "ecr:BatchGetImage"
                                  ],
                                  "Effect": "Allow",
                                  "Resource": {
                                    "Fn::GetAtt": [
                                      "ECRF8362BFE",
                                      "Arn"
                                    ]
                                  }
                                },
                                {
                                  "Action": "ecr:GetAuthorizationToken",
                                  "Effect": "Allow",
                                  "Resource": "*"
                                },
                                {
                                  "Action": [
                                    "ecr:PutImage",
                                    "ecr:InitiateLayerUpload",
                                    "ecr:UploadLayerPart",
                                    "ecr:CompleteLayerUpload"
                                  ],
                                  "Effect": "Allow",
                                  "Resource": {
                                    "Fn::GetAtt": [
                                      "ECRF8362BFE",
                                      "Arn"
                                    ]
                                  }
                                },
                                {
                                  "Action": [
                                    "s3:GetObject*",
                                    "s3:GetBucket*",
                                    "s3:List*"
                                  ],
                                  "Effect": "Allow",
                                  "Resource": [
                                    {
                                      "Fn::GetAtt": [
                                        "SourceBucketDDD2130A",
                                        "Arn"
                                      ]
                                    },
                                    {
                                      "Fn::Join": [
                                        "",
                                        [
                                          {
                                            "Fn::GetAtt": [
                                              "SourceBucketDDD2130A",
                                              "Arn"
                                            ]
                                          },
                                          "/*"
                                        ]
                                      ]
                                    }
                                  ]
                                }
                              ],
                              "Version": "2012-10-17"
                            },
                            "policyName": "DockerBuildRoleDefaultPolicy0D649F98",
                            "roles": [
                              {
                                "Ref": "DockerBuildRole2BAC6ED2"
                              }
                            ]
                          }
                        }
                      }
                    }
                  }
                }
              },
              "Resource": {
                "id": "Resource",
                "path": "cdk-vizi-pipeline-base/DockerBuild/Resource",
                "attributes": {
                  "aws:cdk:cloudformation:type": "AWS::CodeBuild::Project",
                  "aws:cdk:cloudformation:props": {
                    "artifacts": {
                      "type": "CODEPIPELINE"
                    },
                    "environment": {
                      "type": "LINUX_CONTAINER",
                      "image": "aws/codebuild/standard:2.0",
                      "imagePullCredentialsType": "CODEBUILD",
                      "privilegedMode": true,
                      "computeType": "BUILD_GENERAL1_SMALL",
                      "environmentVariables": [
                        {
                          "name": "ecr",
                          "type": "PLAINTEXT",
                          "value": {
                            "Fn::Join": [
                              "",
                              [
                                {
                                  "Fn::Select": [
                                    4,
                                    {
                                      "Fn::Split": [
                                        ":",
                                        {
                                          "Fn::GetAtt": [
                                            "ECRF8362BFE",
                                            "Arn"
                                          ]
                                        }
                                      ]
                                    }
                                  ]
                                },
                                ".dkr.ecr.",
                                {
                                  "Fn::Select": [
                                    3,
                                    {
                                      "Fn::Split": [
                                        ":",
                                        {
                                          "Fn::GetAtt": [
                                            "ECRF8362BFE",
                                            "Arn"
                                          ]
                                        }
                                      ]
                                    }
                                  ]
                                },
                                ".",
                                {
                                  "Ref": "AWS::URLSuffix"
                                },
                                "/",
                                {
                                  "Ref": "ECRF8362BFE"
                                }
                              ]
                            ]
                          }
                        },
                        {
                          "name": "tag",
                          "type": "PLAINTEXT",
                          "value": "cdk"
                        }
                      ]
                    },
                    "serviceRole": {
                      "Fn::GetAtt": [
                        "DockerBuildRole2BAC6ED2",
                        "Arn"
                      ]
                    },
                    "source": {
                      "type": "CODEPIPELINE",
                      "buildSpec": "build_spec/buildspec.yml"
                    },
                    "description": "Pipeline for CodeBuild",
                    "encryptionKey": "alias/aws/s3",
                    "name": "cdk-vizi-pipeline-Docker-Build",
                    "timeoutInMinutes": 20
                  }
                }
              }
            }
          },
          "ECRURI": {
            "id": "ECRURI",
            "path": "cdk-vizi-pipeline-base/ECRURI"
          },
          "S3Bucket": {
            "id": "S3Bucket",
            "path": "cdk-vizi-pipeline-base/S3Bucket"
          },
          "CDKMetadata": {
            "id": "CDKMetadata",
            "path": "cdk-vizi-pipeline-base/CDKMetadata",
            "children": {
              "Default": {
                "id": "Default",
                "path": "cdk-vizi-pipeline-base/CDKMetadata/Default"
              },
              "Condition": {
                "id": "Condition",
                "path": "cdk-vizi-pipeline-base/CDKMetadata/Condition"
              }
            }
          },
          "Exports": {
            "id": "Exports",
            "path": "cdk-vizi-pipeline-base/Exports",
            "children": {
              "Output{\"Fn::GetAtt\":[\"SourceBucketDDD2130A\",\"Arn\"]}": {
                "id": "Output{\"Fn::GetAtt\":[\"SourceBucketDDD2130A\",\"Arn\"]}",
                "path": "cdk-vizi-pipeline-base/Exports/Output{\"Fn::GetAtt\":[\"SourceBucketDDD2130A\",\"Arn\"]}"
              },
              "Output{\"Ref\":\"SourceBucketDDD2130A\"}": {
                "id": "Output{\"Ref\":\"SourceBucketDDD2130A\"}",
                "path": "cdk-vizi-pipeline-base/Exports/Output{\"Ref\":\"SourceBucketDDD2130A\"}"
              },
              "Output{\"Ref\":\"DockerBuildCFACF599\"}": {
                "id": "Output{\"Ref\":\"DockerBuildCFACF599\"}",
                "path": "cdk-vizi-pipeline-base/Exports/Output{\"Ref\":\"DockerBuildCFACF599\"}"
              },
              "Output{\"Fn::GetAtt\":[\"DockerBuildCFACF599\",\"Arn\"]}": {
                "id": "Output{\"Fn::GetAtt\":[\"DockerBuildCFACF599\",\"Arn\"]}",
                "path": "cdk-vizi-pipeline-base/Exports/Output{\"Fn::GetAtt\":[\"DockerBuildCFACF599\",\"Arn\"]}"
              }
            }
          }
        }
      },
      "cdk-vizi-pipeline-pipeline": {
        "id": "cdk-vizi-pipeline-pipeline",
        "path": "cdk-vizi-pipeline-pipeline",
        "children": {
          "Pipeline": {
            "id": "Pipeline",
            "path": "cdk-vizi-pipeline-pipeline/Pipeline",
            "children": {
              "Role": {
                "id": "Role",
                "path": "cdk-vizi-pipeline-pipeline/Pipeline/Role",
                "children": {
                  "Resource": {
                    "id": "Resource",
                    "path": "cdk-vizi-pipeline-pipeline/Pipeline/Role/Resource",
                    "attributes": {
                      "aws:cdk:cloudformation:type": "AWS::IAM::Role",
                      "aws:cdk:cloudformation:props": {
                        "assumeRolePolicyDocument": {
                          "Statement": [
                            {
                              "Action": "sts:AssumeRole",
                              "Effect": "Allow",
                              "Principal": {
                                "Service": "codepipeline.amazonaws.com"
                              }
                            }
                          ],
                          "Version": "2012-10-17"
                        }
                      }
                    }
                  },
                  "DefaultPolicy": {
                    "id": "DefaultPolicy",
                    "path": "cdk-vizi-pipeline-pipeline/Pipeline/Role/DefaultPolicy",
                    "children": {
                      "Resource": {
                        "id": "Resource",
                        "path": "cdk-vizi-pipeline-pipeline/Pipeline/Role/DefaultPolicy/Resource",
                        "attributes": {
                          "aws:cdk:cloudformation:type": "AWS::IAM::Policy",
                          "aws:cdk:cloudformation:props": {
                            "policyDocument": {
                              "Statement": [
                                {
                                  "Action": [
                                    "s3:GetObject*",
                                    "s3:GetBucket*",
                                    "s3:List*",
                                    "s3:DeleteObject*",
                                    "s3:PutObject*",
                                    "s3:Abort*"
                                  ],
                                  "Effect": "Allow",
                                  "Resource": [
                                    {
                                      "Fn::ImportValue": "cdk-vizi-pipeline-base:ExportsOutputFnGetAttSourceBucketDDD2130AArn02858302"
                                    },
                                    {
                                      "Fn::Join": [
                                        "",
                                        [
                                          {
                                            "Fn::ImportValue": "cdk-vizi-pipeline-base:ExportsOutputFnGetAttSourceBucketDDD2130AArn02858302"
                                          },
                                          "/*"
                                        ]
                                      ]
                                    }
                                  ]
                                },
                                {
                                  "Action": "sts:AssumeRole",
                                  "Effect": "Allow",
                                  "Resource": {
                                    "Fn::GetAtt": [
                                      "PipelineSourceS3SourceCodePipelineActionRole8DE11A40",
                                      "Arn"
                                    ]
                                  }
                                },
                                {
                                  "Action": "sts:AssumeRole",
                                  "Effect": "Allow",
                                  "Resource": {
                                    "Fn::GetAtt": [
                                      "PipelineBuildDockerBuildImagesCodePipelineActionRole5B8A60C6",
                                      "Arn"
                                    ]
                                  }
                                }
                              ],
                              "Version": "2012-10-17"
                            },
                            "policyName": "PipelineRoleDefaultPolicyC7A05455",
                            "roles": [
                              {
                                "Ref": "PipelineRoleD68726F7"
                              }
                            ]
                          }
                        }
                      }
                    }
                  }
                }
              },
              "Resource": {
                "id": "Resource",
                "path": "cdk-vizi-pipeline-pipeline/Pipeline/Resource",
                "attributes": {
                  "aws:cdk:cloudformation:type": "AWS::CodePipeline::Pipeline",
                  "aws:cdk:cloudformation:props": {
                    "roleArn": {
                      "Fn::GetAtt": [
                        "PipelineRoleD68726F7",
                        "Arn"
                      ]
                    },
                    "stages": [
                      {
                        "name": "Source",
                        "actions": [
                          {
                            "name": "S3Source",
                            "outputArtifacts": [
                              {
                                "name": "source"
                              }
                            ],
                            "actionTypeId": {
                              "category": "Source",
                              "version": "1",
                              "owner": "AWS",
                              "provider": "S3"
                            },
                            "configuration": {
                              "S3Bucket": {
                                "Fn::ImportValue": "cdk-vizi-pipeline-base:ExportsOutputRefSourceBucketDDD2130AFF6DDDA5"
                              },
                              "S3ObjectKey": "source.zip",
                              "PollForSourceChanges": true
                            },
                            "runOrder": 1,
                            "roleArn": {
                              "Fn::GetAtt": [
                                "PipelineSourceS3SourceCodePipelineActionRole8DE11A40",
                                "Arn"
                              ]
                            }
                          }
                        ]
                      },
                      {
                        "name": "Build",
                        "actions": [
                          {
                            "name": "DockerBuildImages",
                            "inputArtifacts": [
                              {
                                "name": "source"
                              }
                            ],
                            "actionTypeId": {
                              "category": "Build",
                              "version": "1",
                              "owner": "AWS",
                              "provider": "CodeBuild"
                            },
                            "configuration": {
                              "ProjectName": {
                                "Fn::ImportValue": "cdk-vizi-pipeline-base:ExportsOutputRefDockerBuildCFACF5994DD71A10"
                              }
                            },
                            "runOrder": 1,
                            "roleArn": {
                              "Fn::GetAtt": [
                                "PipelineBuildDockerBuildImagesCodePipelineActionRole5B8A60C6",
                                "Arn"
                              ]
                            }
                          }
                        ]
                      }
                    ],
                    "artifactStore": {
                      "type": "S3",
                      "location": {
                        "Fn::ImportValue": "cdk-vizi-pipeline-base:ExportsOutputRefSourceBucketDDD2130AFF6DDDA5"
                      }
                    },
                    "name": "cdk-vizi-pipeline"
                  }
                }
              },
              "Source": {
                "id": "Source",
                "path": "cdk-vizi-pipeline-pipeline/Pipeline/Source",
                "children": {
                  "S3Source": {
                    "id": "S3Source",
                    "path": "cdk-vizi-pipeline-pipeline/Pipeline/Source/S3Source",
                    "children": {
                      "CodePipelineActionRole": {
                        "id": "CodePipelineActionRole",
                        "path": "cdk-vizi-pipeline-pipeline/Pipeline/Source/S3Source/CodePipelineActionRole",
                        "children": {
                          "Resource": {
                            "id": "Resource",
                            "path": "cdk-vizi-pipeline-pipeline/Pipeline/Source/S3Source/CodePipelineActionRole/Resource",
                            "attributes": {
                              "aws:cdk:cloudformation:type": "AWS::IAM::Role",
                              "aws:cdk:cloudformation:props": {
                                "assumeRolePolicyDocument": {
                                  "Statement": [
                                    {
                                      "Action": "sts:AssumeRole",
                                      "Effect": "Allow",
                                      "Principal": {
                                        "AWS": {
                                          "Fn::Join": [
                                            "",
                                            [
                                              "arn:",
                                              {
                                                "Ref": "AWS::Partition"
                                              },
                                              ":iam::",
                                              {
                                                "Ref": "AWS::AccountId"
                                              },
                                              ":root"
                                            ]
                                          ]
                                        }
                                      }
                                    }
                                  ],
                                  "Version": "2012-10-17"
                                }
                              }
                            }
                          },
                          "DefaultPolicy": {
                            "id": "DefaultPolicy",
                            "path": "cdk-vizi-pipeline-pipeline/Pipeline/Source/S3Source/CodePipelineActionRole/DefaultPolicy",
                            "children": {
                              "Resource": {
                                "id": "Resource",
                                "path": "cdk-vizi-pipeline-pipeline/Pipeline/Source/S3Source/CodePipelineActionRole/DefaultPolicy/Resource",
                                "attributes": {
                                  "aws:cdk:cloudformation:type": "AWS::IAM::Policy",
                                  "aws:cdk:cloudformation:props": {
                                    "policyDocument": {
                                      "Statement": [
                                        {
                                          "Action": [
                                            "s3:GetObject*",
                                            "s3:GetBucket*",
                                            "s3:List*"
                                          ],
                                          "Effect": "Allow",
                                          "Resource": [
                                            {
                                              "Fn::ImportValue": "cdk-vizi-pipeline-base:ExportsOutputFnGetAttSourceBucketDDD2130AArn02858302"
                                            },
                                            {
                                              "Fn::Join": [
                                                "",
                                                [
                                                  {
                                                    "Fn::ImportValue": "cdk-vizi-pipeline-base:ExportsOutputFnGetAttSourceBucketDDD2130AArn02858302"
                                                  },
                                                  "/*"
                                                ]
                                              ]
                                            }
                                          ]
                                        },
                                        {
                                          "Action": [
                                            "s3:DeleteObject*",
                                            "s3:PutObject*",
                                            "s3:Abort*"
                                          ],
                                          "Effect": "Allow",
                                          "Resource": [
                                            {
                                              "Fn::ImportValue": "cdk-vizi-pipeline-base:ExportsOutputFnGetAttSourceBucketDDD2130AArn02858302"
                                            },
                                            {
                                              "Fn::Join": [
                                                "",
                                                [
                                                  {
                                                    "Fn::ImportValue": "cdk-vizi-pipeline-base:ExportsOutputFnGetAttSourceBucketDDD2130AArn02858302"
                                                  },
                                                  "/*"
                                                ]
                                              ]
                                            }
                                          ]
                                        }
                                      ],
                                      "Version": "2012-10-17"
                                    },
                                    "policyName": "PipelineSourceS3SourceCodePipelineActionRoleDefaultPolicy352A3912",
                                    "roles": [
                                      {
                                        "Ref": "PipelineSourceS3SourceCodePipelineActionRole8DE11A40"
                                      }
                                    ]
                                  }
                                }
                              }
                            }
                          }
                        }
                      }
                    }
                  }
                }
              },
              "Build": {
                "id": "Build",
                "path": "cdk-vizi-pipeline-pipeline/Pipeline/Build",
                "children": {
                  "DockerBuildImages": {
                    "id": "DockerBuildImages",
                    "path": "cdk-vizi-pipeline-pipeline/Pipeline/Build/DockerBuildImages",
                    "children": {
                      "CodePipelineActionRole": {
                        "id": "CodePipelineActionRole",
                        "path": "cdk-vizi-pipeline-pipeline/Pipeline/Build/DockerBuildImages/CodePipelineActionRole",
                        "children": {
                          "Resource": {
                            "id": "Resource",
                            "path": "cdk-vizi-pipeline-pipeline/Pipeline/Build/DockerBuildImages/CodePipelineActionRole/Resource",
                            "attributes": {
                              "aws:cdk:cloudformation:type": "AWS::IAM::Role",
                              "aws:cdk:cloudformation:props": {
                                "assumeRolePolicyDocument": {
                                  "Statement": [
                                    {
                                      "Action": "sts:AssumeRole",
                                      "Effect": "Allow",
                                      "Principal": {
                                        "AWS": {
                                          "Fn::Join": [
                                            "",
                                            [
                                              "arn:",
                                              {
                                                "Ref": "AWS::Partition"
                                              },
                                              ":iam::",
                                              {
                                                "Ref": "AWS::AccountId"
                                              },
                                              ":root"
                                            ]
                                          ]
                                        }
                                      }
                                    }
                                  ],
                                  "Version": "2012-10-17"
                                }
                              }
                            }
                          },
                          "DefaultPolicy": {
                            "id": "DefaultPolicy",
                            "path": "cdk-vizi-pipeline-pipeline/Pipeline/Build/DockerBuildImages/CodePipelineActionRole/DefaultPolicy",
                            "children": {
                              "Resource": {
                                "id": "Resource",
                                "path": "cdk-vizi-pipeline-pipeline/Pipeline/Build/DockerBuildImages/CodePipelineActionRole/DefaultPolicy/Resource",
                                "attributes": {
                                  "aws:cdk:cloudformation:type": "AWS::IAM::Policy",
                                  "aws:cdk:cloudformation:props": {
                                    "policyDocument": {
                                      "Statement": [
                                        {
                                          "Action": [
                                            "codebuild:BatchGetBuilds",
                                            "codebuild:StartBuild",
                                            "codebuild:StopBuild"
                                          ],
                                          "Effect": "Allow",
                                          "Resource": {
                                            "Fn::ImportValue": "cdk-vizi-pipeline-base:ExportsOutputFnGetAttDockerBuildCFACF599ArnA6B01FA5"
                                          }
                                        }
                                      ],
                                      "Version": "2012-10-17"
                                    },
                                    "policyName": "PipelineBuildDockerBuildImagesCodePipelineActionRoleDefaultPolicyE89EB150",
                                    "roles": [
                                      {
                                        "Ref": "PipelineBuildDockerBuildImagesCodePipelineActionRole5B8A60C6"
                                      }
                                    ]
                                  }
                                }
                              }
                            }
                          }
                        }
                      }
                    }
                  }
                }
              }
            }
          },
          "PipelineParam": {
            "id": "PipelineParam",
            "path": "cdk-vizi-pipeline-pipeline/PipelineParam",
            "children": {
              "Resource": {
                "id": "Resource",
                "path": "cdk-vizi-pipeline-pipeline/PipelineParam/Resource",
                "attributes": {
                  "aws:cdk:cloudformation:type": "AWS::SSM::Parameter",
                  "aws:cdk:cloudformation:props": {
                    "type": "String",
                    "value": {
                      "Ref": "PipelineC660917D"
                    },
                    "description": "cdk pipeline bucket",
                    "name": "cdk-vizi-pipeline-pipeline"
                  }
                }
              }
            }
          },
          "PipelineOut": {
            "id": "PipelineOut",
            "path": "cdk-vizi-pipeline-pipeline/PipelineOut"
          },
          "CDKMetadata": {
            "id": "CDKMetadata",
            "path": "cdk-vizi-pipeline-pipeline/CDKMetadata",
            "children": {
              "Default": {
                "id": "Default",
                "path": "cdk-vizi-pipeline-pipeline/CDKMetadata/Default"
              },
              "Condition": {
                "id": "Condition",
                "path": "cdk-vizi-pipeline-pipeline/CDKMetadata/Condition"
              }
            }
          }
        }
      }
    }
  }
}