{
  "Resources": {
    "MyArtifactbucketB3C76A3D": {
      "Type": "AWS::S3::Bucket",
      "Properties": {
        "BucketName": "vizi-artifact-bucket"
      },
      "UpdateReplacePolicy": "Retain",
      "DeletionPolicy": "Retain",
      "Metadata": {
        "aws:cdk:path": "build-ecr-upload/MyArtifactbucket/Resource"
      }
    },
    "MyArtifactECRF470CA76": {
      "Type": "AWS::ECR::Repository",
      "Properties": {
        "RepositoryName": "vizi-artifact-ecr"
      },
      "UpdateReplacePolicy": "Delete",
      "DeletionPolicy": "Delete",
      "Metadata": {
        "aws:cdk:path": "build-ecr-upload/MyArtifactECR/Resource"
      }
    },
    "vizirepoC2AAB0A1": {
      "Type": "AWS::CodeCommit::Repository",
      "Properties": {
        "RepositoryName": "vizi-code-repo"
      },
      "Metadata": {
        "aws:cdk:path": "build-ecr-upload/vizi-repo/Resource"
      }
    },
    "MyProjectRole9BBE5233": {
      "Type": "AWS::IAM::Role",
      "Properties": {
        "AssumeRolePolicyDocument": {
          "Statement": [
            {
              "Action": "sts:AssumeRole",
              "Effect": "Allow",
              "Principal": {
                "Service": "codebuild.amazonaws.com"
              }
            }
          ],
          "Version": "2012-10-17"
        }
      },
      "Metadata": {
        "aws:cdk:path": "build-ecr-upload/MyProject/Role/Resource"
      }
    },
    "MyProjectRoleDefaultPolicyB19B7C29": {
      "Type": "AWS::IAM::Policy",
      "Properties": {
        "PolicyDocument": {
          "Statement": [
            {
              "Action": "codecommit:GitPull",
              "Effect": "Allow",
              "Resource": {
                "Fn::GetAtt": [
                  "vizirepoC2AAB0A1",
                  "Arn"
                ]
              }
            },
            {
              "Action": [
                "s3:GetObject*",
                "s3:GetBucket*",
                "s3:List*",
                "s3:DeleteObject*",
                "s3:PutObject*",
                "s3:Abort*"
              ],
              "Effect": "Allow",
              "Resource": [
                {
                  "Fn::GetAtt": [
                    "MyArtifactbucketB3C76A3D",
                    "Arn"
                  ]
                },
                {
                  "Fn::Join": [
                    "",
                    [
                      {
                        "Fn::GetAtt": [
                          "MyArtifactbucketB3C76A3D",
                          "Arn"
                        ]
                      },
                      "/*"
                    ]
                  ]
                }
              ]
            },
            {
              "Action": [
                "logs:CreateLogGroup",
                "logs:CreateLogStream",
                "logs:PutLogEvents"
              ],
              "Effect": "Allow",
              "Resource": [
                {
                  "Fn::Join": [
                    "",
                    [
                      "arn:",
                      {
                        "Ref": "AWS::Partition"
                      },
                      ":logs:",
                      {
                        "Ref": "AWS::Region"
                      },
                      ":",
                      {
                        "Ref": "AWS::AccountId"
                      },
                      ":log-group:/aws/codebuild/",
                      {
                        "Ref": "MyProject39F7B0AE"
                      }
                    ]
                  ]
                },
                {
                  "Fn::Join": [
                    "",
                    [
                      "arn:",
                      {
                        "Ref": "AWS::Partition"
                      },
                      ":logs:",
                      {
                        "Ref": "AWS::Region"
                      },
                      ":",
                      {
                        "Ref": "AWS::AccountId"
                      },
                      ":log-group:/aws/codebuild/",
                      {
                        "Ref": "MyProject39F7B0AE"
                      },
                      ":*"
                    ]
                  ]
                }
              ]
            },
            {
              "Action": [
                "codebuild:CreateReportGroup",
                "codebuild:CreateReport",
                "codebuild:UpdateReport",
                "codebuild:BatchPutTestCases",
                "codebuild:BatchPutCodeCoverages"
              ],
              "Effect": "Allow",
              "Resource": {
                "Fn::Join": [
                  "",
                  [
                    "arn:",
                    {
                      "Ref": "AWS::Partition"
                    },
                    ":codebuild:",
                    {
                      "Ref": "AWS::Region"
                    },
                    ":",
                    {
                      "Ref": "AWS::AccountId"
                    },
                    ":report-group/",
                    {
                      "Ref": "MyProject39F7B0AE"
                    },
                    "-*"
                  ]
                ]
              }
            }
          ],
          "Version": "2012-10-17"
        },
        "PolicyName": "MyProjectRoleDefaultPolicyB19B7C29",
        "Roles": [
          {
            "Ref": "MyProjectRole9BBE5233"
          }
        ]
      },
      "Metadata": {
        "aws:cdk:path": "build-ecr-upload/MyProject/Role/DefaultPolicy/Resource"
      }
    },
    "MyProject39F7B0AE": {
      "Type": "AWS::CodeBuild::Project",
      "Properties": {
        "Artifacts": {
          "ArtifactIdentifier": "AddArtifact1",
          "Location": {
            "Ref": "MyArtifactbucketB3C76A3D"
          },
          "NamespaceType": "NONE",
          "OverrideArtifactName": true,
          "Packaging": "ZIP",
          "Path": "source/files",
          "Type": "S3"
        },
        "Environment": {
          "ComputeType": "BUILD_GENERAL1_SMALL",
          "Image": "aws/codebuild/standard:1.0",
          "ImagePullCredentialsType": "CODEBUILD",
          "PrivilegedMode": false,
          "Type": "LINUX_CONTAINER"
        },
        "ServiceRole": {
          "Fn::GetAtt": [
            "MyProjectRole9BBE5233",
            "Arn"
          ]
        },
        "Source": {
          "BuildSpec": "{\n  \"version\": \"0.2\",\n  \"phases\": {\n    \"build\": {\n      \"commands\": [\n        \"echo \\\"Hello, CodeBuild!\\\"\",\n        \"python setup.py install\",\n        \"cd tests\",\n        \"python -m unittest -v test_simple.py\",\n        \"cd ..\",\n        \"echo Logging in to Amazon ECR...\",\n        \"$(aws ecr get-login --no-include-email --region $AWS_DEFAULT_REGION)\",\n        \"docker build -t ${tag}:latest .\",\n        \"docker tag $tag:latest $ecr:$tag\",\n        \"docker push $ecr\",\n        \"echo Build completed\"\n      ]\n    }\n  }\n}",
          "Location": {
            "Fn::GetAtt": [
              "vizirepoC2AAB0A1",
              "CloneUrlHttp"
            ]
          },
          "Type": "CODECOMMIT"
        },
        "EncryptionKey": "alias/aws/s3"
      },
      "Metadata": {
        "aws:cdk:path": "build-ecr-upload/MyProject/Resource"
      }
    },
    "CDKMetadata": {
      "Type": "AWS::CDK::Metadata",
      "Properties": {
        "Modules": "aws-cdk=1.81.0,@aws-cdk/assets=1.82.0,@aws-cdk/aws-applicationautoscaling=1.82.0,@aws-cdk/aws-autoscaling-common=1.82.0,@aws-cdk/aws-cloudwatch=1.82.0,@aws-cdk/aws-codebuild=1.82.0,@aws-cdk/aws-codecommit=1.82.0,@aws-cdk/aws-codeguruprofiler=1.82.0,@aws-cdk/aws-ec2=1.82.0,@aws-cdk/aws-ecr=1.82.0,@aws-cdk/aws-ecr-assets=1.82.0,@aws-cdk/aws-efs=1.82.0,@aws-cdk/aws-events=1.82.0,@aws-cdk/aws-iam=1.82.0,@aws-cdk/aws-kms=1.82.0,@aws-cdk/aws-lambda=1.82.0,@aws-cdk/aws-logs=1.82.0,@aws-cdk/aws-s3=1.82.0,@aws-cdk/aws-s3-assets=1.82.0,@aws-cdk/aws-sam=1.82.0,@aws-cdk/aws-secretsmanager=1.82.0,@aws-cdk/aws-sqs=1.82.0,@aws-cdk/aws-ssm=1.82.0,@aws-cdk/cloud-assembly-schema=1.82.0,@aws-cdk/core=1.82.0,@aws-cdk/cx-api=1.82.0,@aws-cdk/region-info=1.82.0,jsii-runtime=Python/3.8.3"
      },
      "Metadata": {
        "aws:cdk:path": "build-ecr-upload/CDKMetadata/Default"
      },
      "Condition": "CDKMetadataAvailable"
    }
  },
  "Outputs": {
    "ECRURI": {
      "Description": "ECR URI",
      "Value": {
        "Fn::Join": [
          "",
          [
            {
              "Fn::Select": [
                4,
                {
                  "Fn::Split": [
                    ":",
                    {
                      "Fn::GetAtt": [
                        "MyArtifactECRF470CA76",
                        "Arn"
                      ]
                    }
                  ]
                }
              ]
            },
            ".dkr.ecr.",
            {
              "Fn::Select": [
                3,
                {
                  "Fn::Split": [
                    ":",
                    {
                      "Fn::GetAtt": [
                        "MyArtifactECRF470CA76",
                        "Arn"
                      ]
                    }
                  ]
                }
              ]
            },
            ".",
            {
              "Ref": "AWS::URLSuffix"
            },
            "/",
            {
              "Ref": "MyArtifactECRF470CA76"
            }
          ]
        ]
      }
    },
    "S3Bucket": {
      "Description": "S3 Bucket",
      "Value": {
        "Ref": "MyArtifactbucketB3C76A3D"
      }
    }
  },
  "Conditions": {
    "CDKMetadataAvailable": {
      "Fn::Or": [
        {
          "Fn::Or": [
            {
              "Fn::Equals": [
                {
                  "Ref": "AWS::Region"
                },
                "ap-east-1"
              ]
            },
            {
              "Fn::Equals": [
                {
                  "Ref": "AWS::Region"
                },
                "ap-northeast-1"
              ]
            },
            {
              "Fn::Equals": [
                {
                  "Ref": "AWS::Region"
                },
                "ap-northeast-2"
              ]
            },
            {
              "Fn::Equals": [
                {
                  "Ref": "AWS::Region"
                },
                "ap-south-1"
              ]
            },
            {
              "Fn::Equals": [
                {
                  "Ref": "AWS::Region"
                },
                "ap-southeast-1"
              ]
            },
            {
              "Fn::Equals": [
                {
                  "Ref": "AWS::Region"
                },
                "ap-southeast-2"
              ]
            },
            {
              "Fn::Equals": [
                {
                  "Ref": "AWS::Region"
                },
                "ca-central-1"
              ]
            },
            {
              "Fn::Equals": [
                {
                  "Ref": "AWS::Region"
                },
                "cn-north-1"
              ]
            },
            {
              "Fn::Equals": [
                {
                  "Ref": "AWS::Region"
                },
                "cn-northwest-1"
              ]
            },
            {
              "Fn::Equals": [
                {
                  "Ref": "AWS::Region"
                },
                "eu-central-1"
              ]
            }
          ]
        },
        {
          "Fn::Or": [
            {
              "Fn::Equals": [
                {
                  "Ref": "AWS::Region"
                },
                "eu-north-1"
              ]
            },
            {
              "Fn::Equals": [
                {
                  "Ref": "AWS::Region"
                },
                "eu-west-1"
              ]
            },
            {
              "Fn::Equals": [
                {
                  "Ref": "AWS::Region"
                },
                "eu-west-2"
              ]
            },
            {
              "Fn::Equals": [
                {
                  "Ref": "AWS::Region"
                },
                "eu-west-3"
              ]
            },
            {
              "Fn::Equals": [
                {
                  "Ref": "AWS::Region"
                },
                "me-south-1"
              ]
            },
            {
              "Fn::Equals": [
                {
                  "Ref": "AWS::Region"
                },
                "sa-east-1"
              ]
            },
            {
              "Fn::Equals": [
                {
                  "Ref": "AWS::Region"
                },
                "us-east-1"
              ]
            },
            {
              "Fn::Equals": [
                {
                  "Ref": "AWS::Region"
                },
                "us-east-2"
              ]
            },
            {
              "Fn::Equals": [
                {
                  "Ref": "AWS::Region"
                },
                "us-west-1"
              ]
            },
            {
              "Fn::Equals": [
                {
                  "Ref": "AWS::Region"
                },
                "us-west-2"
              ]
            }
          ]
        }
      ]
    }
  }
}