{
  "version": "tree-0.1",
  "tree": {
    "id": "App",
    "path": "",
    "children": {
      "Tree": {
        "id": "Tree",
        "path": "Tree"
      },
      "build-ecr-upload": {
        "id": "build-ecr-upload",
        "path": "build-ecr-upload",
        "children": {
          "MyArtifactbucket": {
            "id": "MyArtifactbucket",
            "path": "build-ecr-upload/MyArtifactbucket",
            "children": {
              "Resource": {
                "id": "Resource",
                "path": "build-ecr-upload/MyArtifactbucket/Resource",
                "attributes": {
                  "aws:cdk:cloudformation:type": "AWS::S3::Bucket",
                  "aws:cdk:cloudformation:props": {
                    "bucketName": "vizi-artifact-bucket"
                  }
                }
              },
              "Notifications": {
                "id": "Notifications",
                "path": "build-ecr-upload/MyArtifactbucket/Notifications"
              }
            }
          },
          "MyArtifactECR": {
            "id": "MyArtifactECR",
            "path": "build-ecr-upload/MyArtifactECR",
            "children": {
              "Resource": {
                "id": "Resource",
                "path": "build-ecr-upload/MyArtifactECR/Resource",
                "attributes": {
                  "aws:cdk:cloudformation:type": "AWS::ECR::Repository",
                  "aws:cdk:cloudformation:props": {
                    "repositoryName": "vizi-artifact-ecr"
                  }
                }
              }
            }
          },
          "vizi-repo": {
            "id": "vizi-repo",
            "path": "build-ecr-upload/vizi-repo",
            "children": {
              "Resource": {
                "id": "Resource",
                "path": "build-ecr-upload/vizi-repo/Resource",
                "attributes": {
                  "aws:cdk:cloudformation:type": "AWS::CodeCommit::Repository",
                  "aws:cdk:cloudformation:props": {
                    "repositoryName": "vizi-code-repo"
                  }
                }
              }
            }
          },
          "MyProject": {
            "id": "MyProject",
            "path": "build-ecr-upload/MyProject",
            "children": {
              "Role": {
                "id": "Role",
                "path": "build-ecr-upload/MyProject/Role",
                "children": {
                  "Resource": {
                    "id": "Resource",
                    "path": "build-ecr-upload/MyProject/Role/Resource",
                    "attributes": {
                      "aws:cdk:cloudformation:type": "AWS::IAM::Role",
                      "aws:cdk:cloudformation:props": {
                        "assumeRolePolicyDocument": {
                          "Statement": [
                            {
                              "Action": "sts:AssumeRole",
                              "Effect": "Allow",
                              "Principal": {
                                "Service": "codebuild.amazonaws.com"
                              }
                            }
                          ],
                          "Version": "2012-10-17"
                        }
                      }
                    }
                  },
                  "DefaultPolicy": {
                    "id": "DefaultPolicy",
                    "path": "build-ecr-upload/MyProject/Role/DefaultPolicy",
                    "children": {
                      "Resource": {
                        "id": "Resource",
                        "path": "build-ecr-upload/MyProject/Role/DefaultPolicy/Resource",
                        "attributes": {
                          "aws:cdk:cloudformation:type": "AWS::IAM::Policy",
                          "aws:cdk:cloudformation:props": {
                            "policyDocument": {
                              "Statement": [
                                {
                                  "Action": "codecommit:GitPull",
                                  "Effect": "Allow",
                                  "Resource": {
                                    "Fn::GetAtt": [
                                      "vizirepoC2AAB0A1",
                                      "Arn"
                                    ]
                                  }
                                },
                                {
                                  "Action": [
                                    "s3:GetObject*",
                                    "s3:GetBucket*",
                                    "s3:List*",
                                    "s3:DeleteObject*",
                                    "s3:PutObject*",
                                    "s3:Abort*"
                                  ],
                                  "Effect": "Allow",
                                  "Resource": [
                                    {
                                      "Fn::GetAtt": [
                                        "MyArtifactbucketB3C76A3D",
                                        "Arn"
                                      ]
                                    },
                                    {
                                      "Fn::Join": [
                                        "",
                                        [
                                          {
                                            "Fn::GetAtt": [
                                              "MyArtifactbucketB3C76A3D",
                                              "Arn"
                                            ]
                                          },
                                          "/*"
                                        ]
                                      ]
                                    }
                                  ]
                                },
                                {
                                  "Action": [
                                    "logs:CreateLogGroup",
                                    "logs:CreateLogStream",
                                    "logs:PutLogEvents"
                                  ],
                                  "Effect": "Allow",
                                  "Resource": [
                                    {
                                      "Fn::Join": [
                                        "",
                                        [
                                          "arn:",
                                          {
                                            "Ref": "AWS::Partition"
                                          },
                                          ":logs:",
                                          {
                                            "Ref": "AWS::Region"
                                          },
                                          ":",
                                          {
                                            "Ref": "AWS::AccountId"
                                          },
                                          ":log-group:/aws/codebuild/",
                                          {
                                            "Ref": "MyProject39F7B0AE"
                                          }
                                        ]
                                      ]
                                    },
                                    {
                                      "Fn::Join": [
                                        "",
                                        [
                                          "arn:",
                                          {
                                            "Ref": "AWS::Partition"
                                          },
                                          ":logs:",
                                          {
                                            "Ref": "AWS::Region"
                                          },
                                          ":",
                                          {
                                            "Ref": "AWS::AccountId"
                                          },
                                          ":log-group:/aws/codebuild/",
                                          {
                                            "Ref": "MyProject39F7B0AE"
                                          },
                                          ":*"
                                        ]
                                      ]
                                    }
                                  ]
                                },
                                {
                                  "Action": [
                                    "codebuild:CreateReportGroup",
                                    "codebuild:CreateReport",
                                    "codebuild:UpdateReport",
                                    "codebuild:BatchPutTestCases",
                                    "codebuild:BatchPutCodeCoverages"
                                  ],
                                  "Effect": "Allow",
                                  "Resource": {
                                    "Fn::Join": [
                                      "",
                                      [
                                        "arn:",
                                        {
                                          "Ref": "AWS::Partition"
                                        },
                                        ":codebuild:",
                                        {
                                          "Ref": "AWS::Region"
                                        },
                                        ":",
                                        {
                                          "Ref": "AWS::AccountId"
                                        },
                                        ":report-group/",
                                        {
                                          "Ref": "MyProject39F7B0AE"
                                        },
                                        "-*"
                                      ]
                                    ]
                                  }
                                }
                              ],
                              "Version": "2012-10-17"
                            },
                            "policyName": "MyProjectRoleDefaultPolicyB19B7C29",
                            "roles": [
                              {
                                "Ref": "MyProjectRole9BBE5233"
                              }
                            ]
                          }
                        }
                      }
                    }
                  }
                }
              },
              "Resource": {
                "id": "Resource",
                "path": "build-ecr-upload/MyProject/Resource",
                "attributes": {
                  "aws:cdk:cloudformation:type": "AWS::CodeBuild::Project",
                  "aws:cdk:cloudformation:props": {
                    "artifacts": {
                      "artifactIdentifier": "AddArtifact1",
                      "type": "S3",
                      "location": {
                        "Ref": "MyArtifactbucketB3C76A3D"
                      },
                      "path": "source/files",
                      "namespaceType": "NONE",
                      "packaging": "ZIP",
                      "overrideArtifactName": true
                    },
                    "environment": {
                      "type": "LINUX_CONTAINER",
                      "image": "aws/codebuild/standard:1.0",
                      "imagePullCredentialsType": "CODEBUILD",
                      "privilegedMode": false,
                      "computeType": "BUILD_GENERAL1_SMALL"
                    },
                    "serviceRole": {
                      "Fn::GetAtt": [
                        "MyProjectRole9BBE5233",
                        "Arn"
                      ]
                    },
                    "source": {
                      "type": "CODECOMMIT",
                      "location": {
                        "Fn::GetAtt": [
                          "vizirepoC2AAB0A1",
                          "CloneUrlHttp"
                        ]
                      },
                      "buildSpec": "{\n  \"version\": \"0.2\",\n  \"phases\": {\n    \"build\": {\n      \"commands\": [\n        \"echo \\\"Hello, CodeBuild!\\\"\",\n        \"python setup.py install\",\n        \"cd tests\",\n        \"python -m unittest -v test_simple.py\",\n        \"cd ..\",\n        \"echo Logging in to Amazon ECR...\",\n        \"$(aws ecr get-login --no-include-email --region $AWS_DEFAULT_REGION)\",\n        \"docker build -t ${tag}:latest .\",\n        \"docker tag $tag:latest $ecr:$tag\",\n        \"docker push $ecr\",\n        \"echo Build completed\"\n      ]\n    }\n  }\n}"
                    },
                    "encryptionKey": "alias/aws/s3"
                  }
                }
              }
            }
          },
          "ECRURI": {
            "id": "ECRURI",
            "path": "build-ecr-upload/ECRURI"
          },
          "S3Bucket": {
            "id": "S3Bucket",
            "path": "build-ecr-upload/S3Bucket"
          },
          "CDKMetadata": {
            "id": "CDKMetadata",
            "path": "build-ecr-upload/CDKMetadata",
            "children": {
              "Default": {
                "id": "Default",
                "path": "build-ecr-upload/CDKMetadata/Default"
              },
              "Condition": {
                "id": "Condition",
                "path": "build-ecr-upload/CDKMetadata/Condition"
              }
            }
          }
        }
      }
    }
  }
}